{"cameraMode":{"drawMode":0,"name":"Shaded","section":"Shading Mode"},"sceneLighting":false,"audioPlay":false,"sceneViewState":{"showFog":true,"showMaterialUpdate":false,"showSkybox":false,"showFlares":true,"showImageEffects":true,"showParticleSystems":true},"in2DMode":false,"pivot":{"x":45.970359802246097,"y":4.900000095367432,"z":-2.9999983310699465},"rotation":{"x":-0.0010632004123181105,"y":0.7054083347320557,"z":0.0010581137612462044,"w":0.7087997198104858},"size":9.265543937683106,"orthographic":true}