{"cameraMode":{"drawMode":0,"name":"Shaded","section":"Shading Mode"},"sceneLighting":true,"audioPlay":false,"sceneViewState":{"showFog":true,"showMaterialUpdate":false,"showSkybox":true,"showFlares":true,"showImageEffects":true,"showParticleSystems":true},"in2DMode":false,"pivot":{"x":16.80482292175293,"y":1.041013240814209,"z":0.0},"rotation":{"x":-0.012776758521795273,"y":0.7042335271835327,"z":0.012677627615630627,"w":0.7097445726394653},"size":78.17076110839844,"orthographic":true}