{"cameraMode":{"drawMode":0,"name":"Shaded","section":"Shading Mode"},"sceneLighting":true,"audioPlay":false,"sceneViewState":{"showFog":true,"showMaterialUpdate":false,"showSkybox":true,"showFlares":true,"showImageEffects":true,"showParticleSystems":true},"in2DMode":false,"pivot":{"x":368.991943359375,"y":377.0150146484375,"z":0.0},"rotation":{"x":0.10329576581716538,"y":-0.01939460076391697,"z":0.0020144821610301735,"w":0.994460940361023},"size":299.6166076660156,"orthographic":true}