{"cameraMode":{"drawMode":0,"name":"Shaded","section":"Shading Mode"},"sceneLighting":false,"audioPlay":false,"sceneViewState":{"showFog":true,"showMaterialUpdate":false,"showSkybox":false,"showFlares":true,"showImageEffects":true,"showParticleSystems":true},"in2DMode":false,"pivot":{"x":16.196861267089845,"y":2.448002338409424,"z":-10.426902770996094},"rotation":{"x":0.010493055917322636,"y":-0.03599074110388756,"z":0.00037810608046129346,"w":0.9993016719818115},"size":23.24958038330078,"orthographic":true}