{"cameraMode":{"drawMode":0,"name":"Shaded","section":"Shading Mode"},"sceneLighting":false,"audioPlay":false,"sceneViewState":{"showFog":true,"showMaterialUpdate":false,"showSkybox":false,"showFlares":true,"showImageEffects":true,"showParticleSystems":true},"in2DMode":false,"pivot":{"x":1.1920928955078126e-7,"y":0.20071247220039369,"z":6.282500743865967},"rotation":{"x":0.0020082599949091675,"y":0.54844731092453,"z":-0.0013113862369209529,"w":0.8361971378326416},"size":2.060575246810913,"orthographic":true}