{"cameraMode":{"drawMode":0,"name":"Shaded","section":"Shading Mode"},"sceneLighting":false,"audioPlay":false,"sceneViewState":{"showFog":true,"showMaterialUpdate":false,"showSkybox":false,"showFlares":true,"showImageEffects":true,"showParticleSystems":true},"in2DMode":false,"pivot":{"x":5.353750228881836,"y":0.2036750614643097,"z":6.270145416259766},"rotation":{"x":0.03187572956085205,"y":0.6007251143455505,"z":-0.0239796731621027,"w":0.7984706163406372},"size":3.7206504344940187,"orthographic":true}