{"cameraMode":{"drawMode":0,"name":"Shaded","section":"Shading Mode"},"sceneLighting":false,"audioPlay":false,"sceneViewState":{"showFog":true,"showMaterialUpdate":false,"showSkybox":false,"showFlares":true,"showImageEffects":true,"showParticleSystems":true},"in2DMode":false,"pivot":{"x":-6.469999313354492,"y":0.18229365348815919,"z":6.596251010894775},"rotation":{"x":0.07469256967306137,"y":0.5660107135772705,"z":-0.05158466100692749,"w":0.8193973898887634},"size":3.2323615550994875,"orthographic":true}