{"cameraMode":{"drawMode":0,"name":"Shaded","section":"Shading Mode"},"sceneLighting":false,"audioPlay":false,"sceneViewState":{"showFog":true,"showMaterialUpdate":false,"showSkybox":false,"showFlares":true,"showImageEffects":true,"showParticleSystems":true},"in2DMode":false,"pivot":{"x":-0.03172898292541504,"y":-0.03173685073852539,"z":-0.03173089027404785},"rotation":{"x":0.01047262828797102,"y":-0.07193396240472794,"z":0.0007553190807811916,"w":0.9973557591438294},"size":14.103782653808594,"orthographic":true}