{"cameraMode":{"drawMode":0,"name":"Shaded","section":"Shading Mode"},"sceneLighting":true,"audioPlay":false,"sceneViewState":{"showFog":true,"showMaterialUpdate":false,"showSkybox":true,"showFlares":true,"showImageEffects":true,"showParticleSystems":true},"in2DMode":false,"pivot":{"x":-11.11328125,"y":3.746337890625,"z":-3.151885986328125},"rotation":{"x":-0.012700455263257027,"y":0.7084767818450928,"z":0.012753961607813836,"w":0.7055048942565918},"size":31.14594841003418,"orthographic":true}