{"cameraMode":{"drawMode":0,"name":"Shaded","section":"Shading Mode"},"sceneLighting":false,"audioPlay":false,"sceneViewState":{"showFog":true,"showMaterialUpdate":false,"showSkybox":false,"showFlares":true,"showImageEffects":true,"showParticleSystems":true},"in2DMode":false,"pivot":{"x":0.0032529905438423158,"y":0.0,"z":-0.9546731114387512},"rotation":{"x":0.4771404266357422,"y":-0.0013183144619688392,"z":0.0007157525978982449,"w":0.8788267374038696},"size":3.837198257446289,"orthographic":true}