{"cameraMode":{"drawMode":0,"name":"Shaded","section":"Shading Mode"},"sceneLighting":false,"audioPlay":false,"sceneViewState":{"showFog":true,"showMaterialUpdate":false,"showSkybox":false,"showFlares":true,"showImageEffects":true,"showParticleSystems":true},"in2DMode":false,"pivot":{"x":1.6738919019699097,"y":102.421875,"z":3.759688138961792},"rotation":{"x":0.4771404266357422,"y":-0.0013183144619688392,"z":0.0007157525978982449,"w":0.8788267374038696},"size":1199.0655517578125,"orthographic":true}